[
  {
    "nombreArchivo": "01000000100_3.dcm",
    "clave": "01000000100",
    "diagnostico": {
      "Hallazgos": "",
      "Impresion": "",
      "Observaciones": "",
      "Fecha": "2024-11-20T15:14:49.52Z"
    }
  },
  {
    "nombreArchivo": "01000000100_2.dcm",
    "clave": "01000000100",
    "diagnostico": {
      "Hallazgos": "",
      "Impresion": "",
      "Observaciones": "",
      "Fecha": "2024-11-20T15:10:01.655Z"
    }
  },
  {
    "nombreArchivo": "01000000100_5.dcm",
    "clave": "01000000100",
    "diagnostico": {
      "Hallazgos": "",
      "Impresion": "",
      "Observaciones": "",
      "Fecha": "2024-11-20T15:27:22.87Z"
    }
  },
  {
    "nombreArchivo": "01000000100_1.dcm",
    "clave": "01000000100",
    "diagnostico": {
      "Hallazgos": "",
      "Impresion": "",
      "Observaciones": "",
      "Fecha": "0001-01-01T00:00:00Z"
    }
  }
]